INSERT INTO roles (id, name) VALUES (1 , 'ROLE_USER'); 
INSERT INTO roles (id, name) VALUES (2 , 'ROLE_MODERATOR'); 
-- INSERT INTO user (id , email, firstname, lastname, username, password, phone, address, geographical_location, tax_identification_number) VALUES (1,'noahcarlos@gmail.com', 'noah', 'carlos', '@loserthrift', 'im345skinn', '6986746853', '27 dreams street', 'Orange County CA','21345435' );
-- INSERT INTO user_role (user_id, roles_id) VALUES (1 , 2); 
-- INSERT INTO user (id , email, firstname, lastname, username, password, phone, address, geographical_location, tax_identification_number) VALUES (2,'ozzyosbourne@gmail.com', 'ozzy', 'osbourne', '@ozzyosbourne', 'ieatbats', '698346683', '58 hollywood blvd', 'Los Angeles CA','21325535' );
-- INSERT INTO user_role (user_id, roles_id) VALUES (2 , 1);
-- INSERT INTO user (id , email, firstname, lastname, username, password, phone, address, geographical_location, tax_identification_number) VALUES (3,'robzombie@gmail.com', 'Rob', 'Zombie', '@robzombie', 'freaks456', '6924634853', '1313 mockingbird lane', 'Los Angeles','213574847' );
-- INSERT INTO user_role (user_id, roles_id) VALUES (3 , 2); 
-- INSERT INTO user (id , email, firstname, lastname, username, password, phone, address, geographical_location, tax_identification_number) VALUES (4,'madelinepentleton@gmail.com', 'madeline', 'pendleton', '@madelinependleton', 'tunnelvision', '692765475', '4507 Brunswick Avenue', 'Los Angeles CA 90039','2134564446' );
-- INSERT INTO user_role (user_id, roles_id) VALUES (4 , 2); 
-- INSERT INTO user (id , email, firstname, lastname, username, password, phone, address, geographical_location, tax_identification_number) VALUES (5,'sophiakatsaouni@gmail.com', 'Sophia', 'Katsaouni', '@hexgirl', 'freakyfriday', '6986173258', '27 dreams street', 'Los Angeles CA','21366325' );
-- INSERT INTO user_role (user_id, roles_id) VALUES (5 , 2); 